,mean,median,std,skew,kurtosis
Boletos Vendidos “Bolivianazo”,0.9695830857508848,,0.7532917915015669,-0.005268366231800542,0.853759582689702
Boletos Vendidos “Loteria Nacional”,1.0945842966451815,,0.477463563281148,1.9048977299199386,3.010067066974215
Cantidad Total Boletos Industria,1.0,,0.0,,
